Ano,Taxa de Desemprego
1992,7.19607715374753
1993,6.8026581264304
1994,
1995,6.66448896373815
1996,7.59345387095792
1997,8.45665919150927
1998,9.74913447428252
1999,10.4373104023209
2000,
2001,10.0620784943935
2002,9.87579388936068
2003,10.4840013182375
2004,9.72773584065052
2005,10.2085356489106
2006,9.22768062403533
2007,8.92685566748125
2008,7.78764853695723
2009,9.05178454890429
2010,
2011,7.2933667109078
2012,6.72767726699155
2013,7.14751254072934
2014,7.53840746338174
